-24.051812, -43.736941, 1.605627, 0.000000
-24.050986, -43.710172, 1.596577, 0.000000
-24.055764, -43.674746, 1.604932, 0.000000
-24.058994, -43.642376, 1.611364, 0.000000
-24.064107, -43.611474, 1.599397, 0.000000
-24.068159, -43.580385, 1.605843, 0.000000
-24.066343, -43.557096, 1.596643, 0.000000
-24.068543, -43.526593, 1.603785, 0.000000
-24.067463, -43.500860, 1.611119, 0.000000
-24.071095, -43.470292, 1.603525, 0.000000
-24.076906, -43.440009, 1.608952, 0.000000
-24.086152, -43.409725, 1.581792, 0.000000
-24.091795, -43.373156, 1.589118, 0.000000
-24.103660, -43.335916, 1.596259, 0.000000
-24.107109, -43.308610, 1.589014, 0.000000
-24.106470, -43.274090, 1.598080, 0.000000
-24.097422, -43.242437, 1.567134, 0.000000
-24.091852, -43.215299, 1.576992, 0.000000
-24.090101, -43.185568, 1.583443, 0.000000
-24.094187, -43.159517, 1.589435, 0.000000
-24.100314, -43.129705, 1.593878, 0.000000
-24.098331, -43.100366, 1.606015, 0.000000
-24.096777, -43.075562, 1.614070, 0.000000
-24.101388, -43.045320, 1.621898, 0.000000
-24.108723, -43.015136, 1.632229, 0.000000
-24.116122, -42.982865, 1.639327, 0.000000
-24.129140, -42.942242, 1.663076, 0.000000
-24.139363, -42.912435, 1.667254, 0.000000
-24.148821, -42.869780, 1.679916, 0.000000
-24.166983, -42.817251, 1.711478, 0.000000
-24.178688, -42.777720, 1.718825, 0.000000
-24.188028, -42.731530, 1.746915, 0.000000
-24.195798, -42.687967, 1.761814, 0.000000
-24.219673, -42.633154, 1.773959, 0.000000
-24.232626, -42.582751, 1.813050, 0.000000
-24.247339, -42.546336, 1.823548, 0.000000
-24.270313, -42.510663, 1.837962, 0.000000
-24.289955, -42.471891, 1.844800, 0.000000
-24.307276, -42.425914, 1.854764, 0.000000
-24.332236, -42.384503, 1.885877, 0.000000
-24.353058, -42.340929, 1.897551, 0.000000
-24.375000, -42.298639, 1.925896, 0.000000
-24.399398, -42.254051, 1.937836, 0.000000
-24.420136, -42.211532, 1.949970, 0.000000
-24.441953, -42.166935, 1.974066, 0.000000
-24.460412, -42.127257, 1.985002, 0.000000
-24.485870, -42.081763, 2.020937, 0.000000
-24.508423, -42.036777, 2.033739, 0.000000
-24.524441, -42.010037, 2.039822, 0.000000
-24.556704, -41.975126, 2.053426, 0.000000
-24.574825, -41.942165, 2.065452, 0.000000
-24.598355, -41.914520, 2.094054, 0.000000
-24.618539, -41.887917, 2.100570, 0.000000
-24.633427, -41.861328, 2.107977, 0.000000
-24.655098, -41.840127, 2.122797, 0.000000
-24.676080, -41.824070, 2.126449, 0.000000
-24.702012, -41.806417, 2.135859, 0.000000
-24.717673, -41.786169, 2.141544, 0.000000
-24.741637, -41.760339, 2.146971, 0.000000
-24.753822, -41.747979, 2.161602, 0.000000
-24.769824, -41.731335, 2.168011, 0.000000
-24.802520, -41.708159, 2.172648, 0.000000
-24.834138, -41.682552, 2.177969, 0.000000
-24.862820, -41.657845, 2.181933, 0.000000
-24.887288, -41.638772, 2.198676, 0.000000
-24.911017, -41.614900, 2.207324, 0.000000
-24.927800, -41.599869, 2.201782, 0.000000
-24.941818, -41.585463, 2.204920, 0.000000
-24.954593, -41.571234, 2.207540, 0.000000
-24.967453, -41.555663, 2.194680, 0.000000
-24.977022, -41.541530, 2.198074, 0.000000
-25.003137, -41.512909, 2.174444, 0.000000
-25.029433, -41.482674, 2.183429, 0.000000
-25.054117, -41.454014, 2.189679, 0.000000
-25.082632, -41.417390, 2.190714, 0.000000
-25.109578, -41.379977, 2.205117, 0.000000
-25.146595, -41.337540, 2.202835, 0.000000
-25.187637, -41.288212, 2.219349, 0.000000
-25.221904, -41.247949, 2.240289, 0.000000
-25.244868, -41.217492, 2.263239, 0.000000
-25.271200, -41.187486, 2.274719, 0.000000
-25.299806, -41.164286, 2.271231, 0.000000
-25.327173, -41.131307, 2.283669, 0.000000
-25.349724, -41.103109, 2.298290, 0.000000
-25.382015, -41.075852, 2.306111, 0.000000
-25.412485, -41.047502, 2.319242, 0.000000
-25.445147, -41.013918, 2.335778, 0.000000
-25.474738, -40.986086, 2.343908, 0.000000
-25.510098, -40.949641, 2.360264, 0.000000
-25.564096, -40.907734, 2.380741, 0.000000
-25.623430, -40.856487, 2.406543, 0.000000
-25.686890, -40.816726, 2.428409, 0.000000
-25.752498, -40.774067, 2.446337, 0.000000
-25.826983, -40.730697, 2.473376, 0.000000
-25.893264, -40.692764, 2.497825, 0.000000
-25.944676, -40.661105, 2.519462, 0.000000
-26.001628, -40.627153, 2.555237, 0.000000
-26.047889, -40.599086, 2.576035, 0.000000
-26.089407, -40.574665, 2.597916, 0.000000
-26.128236, -40.548478, 2.616388, 0.000000
-26.161581, -40.524524, 2.637250, 0.000000
-26.190658, -40.505647, 2.650778, 0.000000
-26.231252, -40.483368, 2.675450, 0.000000
-26.265634, -40.467593, 2.691080, 0.000000
-26.309412, -40.449606, 2.727724, 0.000000
-26.343601, -40.434906, 2.744039, 0.000000
-26.378961, -40.419284, 2.757622, 0.000000
-26.416688, -40.407634, 2.788370, 0.000000
-26.448221, -40.395082, 2.797277, 0.000000
-26.486379, -40.388986, 2.807329, 0.000000
-26.520857, -40.381321, 2.816553, 0.000000
-26.551248, -40.376580, 2.828107, 0.000000
-26.574367, -40.379254, 2.840428, 0.000000
-26.603254, -40.374401, 2.850319, 0.000000
-26.636095, -40.374872, 2.862860, 0.000000
-26.660272, -40.374571, 2.869574, 0.000000
-26.688072, -40.370742, 2.877756, 0.000000
-26.715369, -40.369394, 2.857689, 0.000000
-26.744984, -40.369386, 2.866894, 0.000000
-26.784750, -40.369281, 2.884308, 0.000000
-26.812331, -40.369576, 2.889973, 0.000000
-26.821812, -40.377725, 2.925606, 0.000000
-26.830972, -40.381884, 2.925787, 0.000000
-26.855053, -40.385289, 2.932553, 0.000000
-26.882435, -40.390996, 2.938071, 0.000000
-26.905005, -40.392605, 2.945805, 0.000000
-26.929125, -40.396129, 2.951498, 0.000000
-26.949855, -40.400479, 2.957051, 0.000000
-26.971976, -40.403685, 2.966225, 0.000000
-26.988393, -40.406520, 2.971933, 0.000000
-26.996934, -40.410075, 2.966500, 0.000000
-27.003052, -40.413787, 2.964981, 0.000000
-27.006287, -40.417881, 2.966194, 0.000000
-27.051623, -40.418325, 2.977157, 0.000000
-27.077930, -40.419815, 2.984234, 0.000000
-27.087410, -40.426464, 2.986611, 0.000000
-27.127896, -40.428927, 2.991287, 0.000000
-27.156046, -40.431660, 2.998817, 0.000000
-27.179901, -40.437969, 2.993401, 0.000000
-27.201786, -40.440628, 2.996287, 0.000000
-27.229446, -40.446507, 3.006336, 0.000000
-27.246091, -40.452183, 3.000325, 0.000000
-27.266922, -40.453858, 3.009251, 0.000000
-27.282956, -40.454701, 2.994997, 0.000000
-27.302289, -40.455056, 2.998441, 0.000000
-27.322696, -40.452559, 3.012668, 0.000000
-27.343582, -40.450726, 3.007923, 0.000000
-27.365135, -40.450294, 3.016379, 0.000000
-27.397324, -40.450526, 3.013878, 0.000000
-27.418035, -40.448802, 3.022445, 0.000000
-27.434345, -40.451110, 3.028504, 0.000000
-27.461051, -40.454444, 3.023075, 0.000000
-27.484371, -40.458600, 3.034314, 0.000000
-27.513788, -40.460034, 3.032053, 0.000000
-27.534422, -40.462555, 3.038976, 0.000000
-27.554096, -40.463013, 3.047621, 0.000000
-27.578363, -40.464260, 3.039540, 0.000000
-27.594742, -40.465335, 3.044484, 0.000000
-27.614243, -40.472235, 3.048962, 0.000000
-27.631817, -40.473997, 3.057684, 0.000000
-27.650005, -40.476220, 3.067256, 0.000000
-27.668668, -40.479197, 3.059614, 0.000000
-27.684017, -40.483119, 3.065541, 0.000000
-27.711589, -40.485480, 3.081609, 0.000000
-27.735225, -40.487608, 3.094966, 0.000000
-27.761520, -40.490974, 3.104769, 0.000000
-27.787236, -40.492667, 3.113699, 0.000000
-27.811720, -40.496691, 3.124223, 0.000000
-27.835752, -40.497364, 3.123461, 0.000000
-27.859395, -40.501450, 3.133284, 0.000000
-27.880935, -40.502477, -3.133945, 0.000000
-27.896701, -40.503057, -3.128909, 0.000000
-27.919670, -40.506939, -3.120339, 0.000000
-27.942118, -40.512739, -3.106732, 0.000000
-27.969229, -40.517328, -3.106590, 0.000000
-27.989926, -40.520599, -3.097355, 0.000000
-28.014818, -40.524542, -3.088186, 0.000000
-28.033828, -40.526361, -3.078933, 0.000000
-28.053949, -40.530017, -3.070818, 0.000000
-28.082238, -40.535749, -3.058787, 0.000000
-28.109532, -40.544822, -3.043130, 0.000000
-28.138933, -40.550937, -3.030848, 0.000000
-28.164412, -40.555649, -3.013027, 0.000000
-28.190637, -40.563284, -3.012078, 0.000000
-28.216299, -40.571608, -2.998317, 0.000000
-28.231352, -40.570417, -2.989193, 0.000000
-28.249804, -40.573061, -3.047587, 0.000000
-28.262901, -40.576429, -3.057065, 0.000000
-28.297817, -40.576778, -3.044549, 0.000000
-28.329367, -40.578426, -3.022032, 0.000000
-28.355189, -40.580105, -3.006736, 0.000000
-28.380549, -40.580131, -2.995076, 0.000000
-28.405742, -40.581538, -2.976741, 0.000000
-28.435145, -40.580517, -2.962463, 0.000000
-28.459136, -40.580955, -2.946805, 0.000000
-28.485179, -40.585964, -2.908444, 0.000000
-28.504564, -40.591484, -2.892492, 0.000000
-28.528122, -40.600043, -2.877749, 0.000000
-28.538155, -40.594056, -2.893907, 0.000000
-28.551552, -40.594824, -2.887646, 0.000000
-28.559379, -40.593844, -2.883662, 0.000000
-28.603206, -40.604214, -2.827057, 0.000000
-28.627159, -40.612273, -2.810223, 0.000000
-28.651860, -40.620132, -2.798165, 0.000000
-28.670278, -40.629713, -2.808215, 0.000000
-28.682958, -40.633021, -2.802295, 0.000000
-28.709762, -40.645298, -2.774447, 0.000000
-28.725717, -40.656882, -2.762193, 0.000000
-28.743757, -40.665033, -2.755439, 0.000000
-28.800214, -40.699891, -2.703425, 0.000000
-28.834919, -40.729959, -2.690240, 0.000000
-28.866849, -40.751244, -2.662340, 0.000000
-28.898413, -40.770311, -2.647338, 0.000000
-28.926222, -40.798235, -2.641049, 0.000000
-28.959054, -40.826032, -2.611434, 0.000000
-28.986217, -40.855014, -2.602727, 0.000000
-29.004830, -40.870086, -2.590822, 0.000000
-29.021830, -40.884708, -2.583199, 0.000000
-29.038715, -40.897124, -2.576200, 0.000000
-29.069738, -40.928312, -2.525215, 0.000000
-29.097941, -40.955363, -2.510875, 0.000000
-29.103949, -40.961326, -2.521271, 0.000000
-29.112311, -40.971760, -2.519663, 0.000000
-29.127213, -40.989120, -2.516013, 0.000000
-29.154268, -41.031673, -2.470848, 0.000000
-29.180489, -41.071049, -2.462802, 0.000000
-29.201870, -41.092697, -2.420425, 0.000000
-29.218398, -41.112669, -2.414643, 0.000000
-29.235178, -41.135584, -2.379852, 0.000000
-29.250533, -41.157630, -2.374336, 0.000000
-29.263228, -41.176488, -2.369455, 0.000000
-29.270717, -41.194237, -2.357736, 0.000000
-29.284430, -41.226816, -2.359556, 0.000000
-29.301403, -41.255659, -2.355733, 0.000000
-29.324521, -41.289320, -2.322620, 0.000000
-29.344508, -41.321169, -2.318286, 0.000000
-29.372222, -41.366839, -2.277929, 0.000000
-29.390883, -41.401923, -2.274257, 0.000000
-29.414499, -41.443805, -2.269078, 0.000000
-29.433247, -41.480896, -2.239900, 0.000000
-29.454761, -41.527214, -2.235830, 0.000000
-29.478919, -41.570745, -2.230364, 0.000000
-29.493368, -41.605497, -2.232871, 0.000000
-29.507247, -41.638768, -2.228767, 0.000000
-29.518576, -41.672663, -2.211333, 0.000000
-29.532994, -41.697571, -2.206939, 0.000000
-29.552981, -41.740737, -2.191168, 0.000000
-29.574071, -41.783060, -2.188755, 0.000000
-29.597180, -41.825278, -2.185322, 0.000000
-29.622924, -41.868602, -2.174706, 0.000000
-29.643723, -41.906950, -2.172864, 0.000000
-29.661669, -41.940634, -2.174006, 0.000000
-29.675438, -41.973952, -2.175239, 0.000000
-29.687893, -42.006694, -2.177910, 0.000000
-29.704932, -42.037837, -2.172106, 0.000000
-29.721762, -42.064242, -2.170364, 0.000000
-29.737009, -42.103556, -2.179049, 0.000000
-29.751479, -42.149438, -2.183629, 0.000000
-29.765413, -42.187796, -2.185579, 0.000000
-29.783935, -42.230883, -2.179712, 0.000000
-29.798663, -42.265925, -2.181588, 0.000000
-29.810780, -42.320472, -2.210854, 0.000000
-29.818439, -42.370926, -2.219084, 0.000000
-29.833150, -42.410764, -2.218866, 0.000000
-29.855778, -42.451533, -2.230411, 0.000000
-29.868396, -42.488947, -2.229968, 0.000000
-29.891036, -42.536469, -2.229161, 0.000000
-29.911473, -42.580317, -2.227278, 0.000000
-29.929292, -42.621605, -2.226973, 0.000000
-29.949190, -42.658541, -2.212728, 0.000000
-29.970810, -42.700096, -2.208765, 0.000000
-29.996114, -42.741570, -2.201580, 0.000000
-30.015999, -42.775807, -2.198239, 0.000000
-30.038120, -42.807900, -2.195612, 0.000000
-30.055239, -42.839442, -2.212164, 0.000000
-30.069711, -42.868022, -2.208369, 0.000000
-30.092978, -42.901636, -2.194285, 0.000000
-30.114896, -42.935443, -2.190694, 0.000000
-30.131390, -42.960444, -2.186454, 0.000000
-30.153060, -42.993136, -2.181329, 0.000000
-30.173685, -43.022112, -2.177437, 0.000000
-30.188012, -43.047321, -2.170356, 0.000000
-30.201609, -43.075623, -2.165642, 0.000000
-30.215433, -43.098176, -2.165841, 0.000000
-30.238181, -43.122256, -2.163710, 0.000000
-30.254210, -43.138785, -2.159165, 0.000000
-30.266324, -43.167418, -2.160089, 0.000000
-30.285287, -43.194883, -2.154567, 0.000000
-30.291622, -43.212084, -2.155149, 0.000000
-30.308361, -43.233447, -2.151197, 0.000000
-30.321436, -43.256130, -2.148179, 0.000000
-30.334146, -43.279886, -2.146084, 0.000000
-30.340716, -43.298467, -2.147187, 0.000000
-30.351992, -43.317983, -2.143073, 0.000000
-30.372258, -43.344047, -2.121264, 0.000000
-30.389849, -43.366058, -2.115385, 0.000000
-30.407783, -43.389651, -2.124149, 0.000000
-30.424572, -43.414873, -2.119245, 0.000000
-30.438376, -43.436746, -2.117634, 0.000000
-30.456710, -43.462533, -2.104321, 0.000000
-30.467457, -43.479727, -2.100822, 0.000000
-30.466453, -43.504447, -2.151118, 0.000000
-30.469476, -43.531254, -2.155540, 0.000000
-30.473426, -43.554251, -2.155726, 0.000000
-30.485410, -43.585910, -2.155920, 0.000000
-30.492163, -43.608965, -2.155042, 0.000000
-30.504131, -43.637315, -2.157706, 0.000000
-30.516381, -43.670373, -2.154629, 0.000000
-30.531750, -43.696768, -2.150998, 0.000000
-30.558026, -43.735056, -2.131525, 0.000000
-30.577663, -43.770097, -2.122354, 0.000000
-30.595889, -43.796044, -2.120604, 0.000000
-30.611492, -43.821391, -2.115364, 0.000000
-30.626365, -43.846953, -2.109305, 0.000000
-30.641267, -43.871084, -2.109362, 0.000000
-30.652740, -43.892383, -2.102036, 0.000000
-30.666840, -43.920183, -2.100586, 0.000000
-30.687567, -43.952116, -2.089721, 0.000000
-30.697586, -43.969792, -2.086928, 0.000000
-30.714822, -43.997134, -2.081111, 0.000000
-30.718198, -44.020383, -2.083502, 0.000000
-30.732689, -44.043094, -2.075142, 0.000000
-30.742608, -44.061801, -2.072673, 0.000000
-30.751963, -44.077243, -2.065169, 0.000000
-30.769252, -44.103494, -2.060962, 0.000000
-30.780072, -44.124546, -2.055829, 0.000000
-30.791539, -44.144862, -2.050232, 0.000000
-30.807764, -44.176456, -2.083809, 0.000000
-30.827772, -44.208202, -2.077105, 0.000000
-30.850212, -44.241251, -2.070832, 0.000000
-30.869666, -44.271654, -2.060368, 0.000000
-30.888423, -44.302349, -2.050076, 0.000000
-30.906040, -44.329982, -2.041746, 0.000000
-30.921224, -44.356076, -2.033984, 0.000000
-30.941144, -44.385680, -2.028195, 0.000000
-30.957087, -44.412126, -2.019177, 0.000000
-30.971504, -44.435619, -2.005545, 0.000000
-30.982664, -44.455699, -2.004200, 0.000000
-30.996464, -44.479758, -1.997418, 0.000000
-31.008519, -44.504425, -1.991723, 0.000000
-31.020667, -44.528687, -1.983598, 0.000000
-31.029725, -44.543731, -1.974801, 0.000000
-31.047925, -44.576395, -2.013725, 0.000000
-31.069339, -44.609386, -2.001570, 0.000000
-31.082327, -44.639193, -1.996595, 0.000000
-31.098980, -44.670177, -1.982163, 0.000000
-31.111090, -44.701360, -1.970552, 0.000000
-31.122517, -44.725960, -1.964051, 0.000000
-31.136426, -44.751599, -1.951276, 0.000000
-31.166518, -44.803662, -1.975693, 0.000000
-31.191575, -44.847377, -1.960257, 0.000000
-31.209822, -44.884026, -1.942022, 0.000000
-31.228148, -44.922385, -1.928636, 0.000000
-31.241934, -44.952042, -1.913284, 0.000000
-31.250086, -44.981020, -1.911365, 0.000000
-31.257191, -45.008315, -1.899204, 0.000000
-31.263989, -45.031450, -1.888339, 0.000000
-31.287970, -45.070726, -1.919290, 0.000000
-31.304589, -45.105138, -1.904335, 0.000000
-31.317343, -45.139067, -1.896949, 0.000000
-31.324583, -45.166488, -1.884022, 0.000000
-31.331421, -45.192067, -1.871503, 0.000000
-31.330957, -45.214111, -1.872176, 0.000000
-31.333770, -45.233768, -1.866129, 0.000000
-31.337052, -45.258458, -1.867059, 0.000000
-31.337723, -45.279443, -1.860306, 0.000000
-31.347630, -45.299792, -1.849598, 0.000000
-31.349307, -45.321126, -1.848498, 0.000000
-31.351879, -45.338889, -1.840497, 0.000000
-31.354140, -45.356625, -1.836455, 0.000000
-31.357794, -45.373119, -1.828084, 0.000000
-31.360249, -45.384467, -1.822764, 0.000000
-31.359521, -45.402814, -1.816923, 0.000000
-31.358756, -45.419293, -1.812163, 0.000000
-31.357209, -45.441598, -1.791766, 0.000000
-31.355695, -45.456420, -1.786385, 0.000000
-31.356735, -45.471069, -1.781158, 0.000000
-31.351540, -45.487907, -1.755498, 0.000000
-31.349683, -45.504600, -1.750431, 0.000000
-31.342984, -45.525828, -1.733739, 0.000000
-31.343995, -45.545362, -1.724601, 0.000000
-31.343336, -45.560504, -1.719327, 0.000000
-31.332278, -45.577845, -1.698157, 0.000000
-31.320832, -45.594373, -1.695114, 0.000000
-31.321746, -45.629441, -1.673983, 0.000000
-31.322420, -45.657869, -1.663484, 0.000000
-31.335272, -45.689959, -1.649086, 0.000000
-31.335085, -45.721151, -1.627207, 0.000000
-31.337905, -45.750714, -1.614268, 0.000000
-31.336021, -45.777900, -1.575570, 0.000000
-31.338738, -45.806244, -1.564134, 0.000000
-31.344381, -45.831746, -1.555135, 0.000000
-31.341519, -45.868078, -1.517084, 0.000000
-31.341730, -45.899512, -1.502351, 0.000000
-31.332945, -45.931392, -1.466342, 0.000000
-31.329411, -45.960355, -1.454559, 0.000000
-31.331034, -45.990627, -1.443373, 0.000000
-31.334249, -46.044193, -1.432365, 0.000000
-31.333421, -46.086566, -1.412721, 0.000000
-31.321903, -46.130100, -1.362563, 0.000000
-31.314742, -46.165469, -1.344005, 0.000000
-31.307297, -46.194140, -1.334262, 0.000000
-31.289832, -46.223634, -1.300886, 0.000000
-31.278573, -46.247366, -1.290636, 0.000000
-31.257629, -46.276084, -1.262541, 0.000000
-31.241457, -46.301420, -1.251266, 0.000000
-31.224033, -46.324672, -1.240182, 0.000000
-31.203090, -46.352004, -1.238246, 0.000000
-31.187148, -46.369047, -1.231977, 0.000000
-31.158311, -46.396287, -1.178781, 0.000000
-31.140714, -46.421013, -1.167301, 0.000000
-31.120749, -46.443426, -1.161161, 0.000000
-31.095898, -46.471664, -1.118471, 0.000000
-31.073417, -46.495484, -1.108047, 0.000000
-31.036519, -46.515327, -1.102896, 0.000000
-31.013491, -46.532256, -1.098941, 0.000000
-30.989014, -46.549488, -1.093656, 0.000000
-30.959750, -46.574526, -1.053258, 0.000000
-30.936577, -46.592582, -1.046470, 0.000000
-30.912103, -46.618445, -1.016813, 0.000000
-30.887302, -46.643525, -1.005396, 0.000000
-30.870851, -46.661746, -1.000285, 0.000000
-30.851534, -46.680134, -0.947278, 0.000000
-30.836687, -46.698002, -0.933654, 0.000000
-30.817193, -46.715502, -0.932429, 0.000000
-30.801332, -46.731464, -0.928428, 0.000000
-30.781496, -46.742208, -0.927741, 0.000000
-30.765962, -46.758745, -0.896964, 0.000000
-30.744152, -46.775267, -0.887803, 0.000000
-30.725367, -46.792804, -0.870938, 0.000000
-30.711620, -46.806179, -0.865782, 0.000000
-30.691858, -46.821341, -0.860773, 0.000000
-30.666103, -46.838773, -0.828253, 0.000000
-30.655513, -46.850984, -0.826053, 0.000000
-30.637694, -46.862329, -0.829007, 0.000000
-30.623339, -46.871191, -0.829894, 0.000000
-30.614072, -46.874686, -0.827516, 0.000000
-30.608225, -46.887268, -0.807276, 0.000000
-30.598608, -46.901469, -0.801445, 0.000000
-30.591249, -46.905732, -0.801847, 0.000000
-30.580650, -46.919994, -0.785660, 0.000000
-30.562342, -46.937209, -0.780585, 0.000000
-30.545170, -46.951747, -0.762726, 0.000000
-30.527195, -46.964769, -0.756940, 0.000000
-30.489254, -46.984586, -0.752044, 0.000000
-30.452067, -47.002506, -0.746957, 0.000000
-30.416447, -47.018930, -0.747625, 0.000000
-30.397088, -47.036396, -0.728738, 0.000000
-30.382157, -47.052656, -0.722763, 0.000000
-30.358493, -47.071556, -0.729066, 0.000000
-30.341593, -47.086887, -0.723552, 0.000000
-30.323236, -47.102984, -0.717921, 0.000000
-30.306905, -47.119532, -0.709226, 0.000000
-30.284979, -47.137110, -0.703983, 0.000000
-30.260596, -47.153997, -0.693858, 0.000000
-30.241697, -47.167528, -0.691130, 0.000000
-30.214348, -47.180284, -0.689459, 0.000000
-30.180571, -47.202993, -0.674949, 0.000000
-30.162855, -47.216849, -0.669915, 0.000000
-30.122015, -47.237290, -0.668419, 0.000000
-30.069200, -47.264701, -0.666381, 0.000000
-29.994771, -47.293562, -0.666854, 0.000000
-29.846871, -47.343744, -0.677737, 0.000000
-29.722940, -47.394011, -0.676540, 0.000000
-29.619445, -47.437532, -0.672617, 0.000000
-29.532776, -47.475008, -0.671668, 0.000000
-29.490012, -47.498217, -0.668661, 0.000000
-29.441924, -47.526129, -0.655636, 0.000000
-29.404023, -47.549624, -0.649315, 0.000000
-29.376201, -47.567796, -0.647891, 0.000000
-29.349698, -47.586877, -0.641049, 0.000000
-29.318787, -47.603082, -0.638663, 0.000000
-29.305359, -47.621849, -0.620653, 0.000000
-29.284180, -47.642214, -0.614716, 0.000000
-29.261189, -47.660886, -0.610462, 0.000000
-29.237787, -47.676137, -0.607058, 0.000000
-29.222579, -47.690310, -0.600653, 0.000000
-29.199403, -47.707468, -0.588982, 0.000000
-29.175382, -47.723823, -0.580656, 0.000000
-29.146001, -47.739930, -0.571036, 0.000000
-29.118210, -47.758438, -0.565824, 0.000000
-29.094044, -47.774075, -0.562579, 0.000000
-29.071193, -47.789978, -0.552815, 0.000000
-29.049628, -47.805373, -0.546675, 0.000000
-29.028263, -47.817633, -0.542781, 0.000000
-28.996792, -47.836535, -0.526667, 0.000000
-28.966820, -47.853922, -0.521076, 0.000000
-28.934043, -47.875650, -0.508904, 0.000000
-28.908929, -47.889546, -0.506359, 0.000000
-28.883717, -47.906106, -0.498121, 0.000000
-28.852783, -47.924272, -0.489575, 0.000000
-28.821757, -47.941979, -0.485589, 0.000000
-28.810052, -47.955363, -0.463392, 0.000000
-28.787781, -47.968930, -0.457076, 0.000000
-28.777034, -47.976446, -0.457495, 0.000000
-28.750286, -47.978068, -0.501567, 0.000000
-28.728559, -47.985952, -0.498825, 0.000000
-28.711789, -48.003702, -0.458594, 0.000000
-28.693247, -48.019886, -0.448150, 0.000000
-28.673705, -48.033639, -0.440447, 0.000000
-28.646426, -48.051594, -0.432515, 0.000000
-28.625075, -48.065208, -0.422754, 0.000000
-28.598658, -48.075329, -0.457345, 0.000000
-28.577068, -48.090437, -0.452313, 0.000000
-28.556873, -48.100899, -0.447088, 0.000000
-28.537006, -48.105695, -0.486377, 0.000000
-28.513739, -48.113520, -0.484899, 0.000000
-28.488831, -48.130811, -0.447422, 0.000000
-28.467731, -48.146944, -0.436824, 0.000000
-28.451012, -48.159102, -0.430839, 0.000000
-28.435054, -48.165834, -0.466772, 0.000000
-28.414359, -48.174799, -0.463363, 0.000000
-28.394415, -48.182571, -0.461560, 0.000000
-28.374754, -48.197139, -0.456160, 0.000000
-28.357462, -48.209282, -0.450187, 0.000000
-28.342245, -48.220592, -0.447468, 0.000000
-28.322344, -48.232467, -0.442032, 0.000000
-28.300501, -48.241821, -0.450241, 0.000000
-28.280077, -48.251132, -0.446592, 0.000000
-28.265064, -48.258141, -0.441420, 0.000000
-28.240770, -48.270946, -0.438877, 0.000000
-28.222280, -48.284408, -0.429995, 0.000000
-28.192691, -48.295348, -0.431921, 0.000000
-28.174117, -48.302552, -0.427785, 0.000000
-28.160826, -48.313782, -0.420572, 0.000000
-28.144156, -48.321401, -0.425095, 0.000000
-28.118336, -48.333158, -0.413095, 0.000000
-28.086962, -48.340492, -0.471487, 0.000000
-28.056450, -48.352838, -0.464183, 0.000000
-28.041175, -48.361011, -0.458690, 0.000000
-28.011560, -48.373913, -0.456462, 0.000000
-27.992294, -48.384561, -0.449163, 0.000000
-27.965938, -48.397181, -0.447341, 0.000000
-27.939375, -48.410705, -0.438707, 0.000000
-27.918746, -48.423813, -0.430421, 0.000000
-27.893867, -48.435740, -0.429302, 0.000000
-27.870763, -48.448577, -0.419050, 0.000000
-27.848361, -48.463455, -0.420062, 0.000000
-27.827917, -48.476862, -0.411670, 0.000000
-27.810659, -48.489242, -0.403895, 0.000000
-27.785678, -48.501943, -0.403370, 0.000000
-27.765861, -48.513497, -0.393059, 0.000000
-27.747259, -48.521708, -0.393881, 0.000000
-27.732198, -48.529675, -0.385905, 0.000000
-27.718003, -48.537903, -0.380145, 0.000000
-27.689142, -48.552326, -0.374867, 0.000000
-27.666214, -48.563441, -0.362936, 0.000000
-27.639889, -48.568969, -0.362582, 0.000000
-27.617948, -48.574468, -0.353221, 0.000000
-27.598245, -48.579031, -0.347499, 0.000000
-27.572374, -48.582831, -0.327679, 0.000000
-27.547690, -48.589992, -0.317139, 0.000000
-27.522211, -48.593357, -0.305732, 0.000000
-27.505610, -48.596560, -0.301134, 0.000000
-27.490160, -48.600721, -0.292266, 0.000000
-27.466231, -48.597898, -0.284580, 0.000000
-27.443564, -48.600529, -0.277829, 0.000000
-27.421646, -48.600421, -0.266688, 0.000000
-27.395228, -48.601742, -0.260308, 0.000000
-27.379225, -48.604489, -0.253902, 0.000000
-27.345975, -48.602664, -0.188501, 0.000000
-27.321452, -48.599314, -0.176634, 0.000000
-27.288083, -48.595106, -0.163106, 0.000000
-27.260988, -48.594178, -0.155123, 0.000000
-27.243542, -48.593993, -0.148249, 0.000000
-27.219846, -48.589713, -0.136837, 0.000000
-27.203361, -48.583839, -0.133507, 0.000000
-27.175553, -48.576483, -0.122070, 0.000000
-27.157012, -48.572695, -0.115781, 0.000000
-27.138020, -48.570468, -0.111951, 0.000000
-27.112712, -48.563357, -0.074670, 0.000000
-27.092075, -48.556735, -0.063112, 0.000000
-27.063282, -48.551004, -0.034010, 0.000000
-27.046036, -48.545263, -0.025767, 0.000000
-27.037121, -48.538783, -0.027061, 0.000000
-27.007347, -48.531624, -0.018262, 0.000000
-26.987372, -48.525276, -0.011015, 0.000000
-26.963637, -48.516665, -0.002450, 0.000000
-26.942388, -48.509747, 0.002687, 0.000000
-26.918144, -48.503860, 0.011882, 0.000000
-26.889513, -48.494797, 0.011078, 0.000000
-26.872021, -48.489604, 0.019896, 0.000000
-26.857436, -48.482111, 0.022566, 0.000000
-26.827946, -48.477936, 0.028494, 0.000000
-26.805901, -48.475368, 0.034962, 0.000000
-26.778845, -48.466310, 0.042141, 0.000000
-26.759352, -48.457881, 0.047677, 0.000000
-26.734277, -48.452591, 0.042843, 0.000000
-26.709430, -48.450035, 0.055887, 0.000000
-26.686147, -48.445062, 0.067193, 0.000000
-26.663579, -48.437810, 0.068967, 0.000000
-26.640634, -48.434661, 0.074968, 0.000000
-26.605584, -48.427270, 0.078507, 0.000000
-26.576300, -48.420329, 0.093615, 0.000000
-26.548096, -48.412317, 0.100337, 0.000000
-26.518835, -48.402033, 0.106397, 0.000000
-26.502459, -48.394093, 0.110937, 0.000000
-26.481234, -48.389416, 0.122917, 0.000000
-26.458934, -48.382695, 0.123009, 0.000000
-26.436372, -48.376972, 0.128074, 0.000000
-26.400771, -48.366945, 0.139657, 0.000000
-26.371464, -48.355110, 0.152507, 0.000000
-26.346533, -48.347683, 0.166248, 0.000000
-26.314110, -48.351481, 0.137834, 0.000000
-26.290094, -48.348839, 0.146648, 0.000000
-26.264186, -48.341561, 0.175175, 0.000000
-26.242704, -48.333723, 0.184936, 0.000000
-26.223687, -48.327186, 0.193240, 0.000000
-26.189119, -48.310950, 0.212744, 0.000000
-26.169703, -48.295171, 0.220679, 0.000000
-26.138266, -48.285491, 0.238180, 0.000000
-26.107382, -48.274898, 0.250558, 0.000000
-26.081777, -48.266243, 0.266114, 0.000000
-26.056793, -48.255885, 0.272044, 0.000000
-26.035860, -48.245560, 0.283369, 0.000000
-26.004046, -48.225529, 0.295429, 0.000000
-25.973825, -48.208254, 0.309848, 0.000000
-25.948689, -48.191403, 0.321336, 0.000000
-25.921853, -48.174150, 0.343464, 0.000000
-25.897766, -48.157913, 0.353648, 0.000000
-25.878040, -48.139241, 0.377401, 0.000000
-25.858030, -48.122770, 0.388350, 0.000000
-25.844783, -48.107608, 0.395485, 0.000000
-25.827253, -48.085182, 0.413368, 0.000000
-25.819921, -48.066731, 0.422790, 0.000000
-25.816974, -48.060089, 0.435509, 0.000000
-25.818509, -48.055862, 0.439588, 0.000000
-25.817807, -48.050558, 0.439080, 0.000000
-25.794587, -48.026045, 0.432989, 0.000000
-25.774871, -47.998120, 0.447023, 0.000000
-25.756564, -47.959702, 0.451010, 0.000000
-25.728808, -47.918838, 0.466359, 0.000000
-25.700785, -47.875867, 0.481052, 0.000000
-25.684351, -47.819615, 0.521904, 0.000000
-25.658468, -47.775601, 0.536612, 0.000000
-25.602612, -47.754855, 0.545610, 0.000000
-25.493002, -47.751175, 0.548607, 0.000000
-25.327888, -47.748259, 0.642506, 0.000000
-25.219717, -47.710470, 0.715661, 0.000000
-25.169344, -47.657188, 0.754679, 0.000000
-25.128527, -47.608200, 0.809158, 0.000000
-25.102887, -47.566069, 0.830803, 0.000000
-25.076017, -47.529480, 0.858918, 0.000000
-25.055322, -47.501170, 0.877345, 0.000000
-25.038818, -47.471295, 0.890688, 0.000000
-25.022263, -47.445126, 0.886839, 0.000000
-25.009796, -47.418813, 0.892378, 0.000000
-24.999432, -47.392075, 0.896302, 0.000000
-24.987198, -47.366870, 0.921023, 0.000000
-24.980673, -47.345526, 0.923907, 0.000000
-24.963436, -47.328166, 0.954672, 0.000000
-24.948676, -47.313283, 0.973390, 0.000000
-24.942425, -47.297596, 0.978116, 0.000000
-24.919445, -47.283414, 1.034671, 0.000000
-24.901491, -47.262701, 1.048933, 0.000000
-24.895799, -47.244339, 1.078960, 0.000000
-24.888851, -47.228176, 1.084001, 0.000000
-24.885623, -47.204948, 1.084155, 0.000000
-24.881868, -47.185366, 1.053676, 0.000000
-24.884246, -47.169057, 1.045060, 0.000000
-24.878157, -47.154435, 1.118457, 0.000000
-24.873639, -47.137924, 1.126140, 0.000000
-24.866660, -47.122775, 1.130437, 0.000000
-24.861001, -47.109338, 1.152420, 0.000000
-24.858969, -47.094923, 1.154024, 0.000000
-24.853933, -47.081576, 1.181420, 0.000000
-24.847686, -47.063033, 1.187077, 0.000000
-24.842126, -47.045268, 1.187968, 0.000000
-24.843577, -47.016212, 1.205479, 0.000000
-24.836305, -46.977294, 1.201659, 0.000000
-24.821962, -46.934464, 1.242195, 0.000000
-24.802423, -46.879733, 1.247857, 0.000000
-24.779318, -46.814142, 1.250156, 0.000000
-24.767592, -46.750012, 1.274447, 0.000000
-24.750424, -46.672975, 1.271405, 0.000000
-24.729950, -46.590876, 1.293760, 0.000000
-24.715568, -46.532909, 1.291604, 0.000000
-24.707789, -46.469629, 1.319610, 0.000000
-24.698231, -46.413932, 1.317332, 0.000000
-24.689914, -46.366464, 1.317063, 0.000000
-24.687956, -46.307653, 1.317702, 0.000000
-24.682209, -46.249380, 1.311225, 0.000000
-24.670551, -46.201089, 1.313033, 0.000000
-24.655459, -46.154089, 1.354666, 0.000000
-24.641580, -46.108487, 1.360625, 0.000000
-24.619384, -46.053929, 1.371467, 0.000000
-24.601976, -46.007679, 1.377646, 0.000000
-24.587239, -45.963163, 1.379096, 0.000000
-24.580328, -45.921066, 1.395367, 0.000000
-24.570059, -45.877179, 1.398959, 0.000000
-24.573037, -45.836536, 1.392052, 0.000000
-24.570040, -45.795133, 1.390889, 0.000000
-24.564985, -45.755194, 1.390409, 0.000000
-24.557778, -45.709713, 1.414513, 0.000000
-24.544756, -45.664133, 1.420874, 0.000000
-24.539546, -45.614905, 1.417181, 0.000000
-24.526899, -45.561440, 1.424183, 0.000000
-24.510391, -45.509855, 1.430913, 0.000000
-24.489479, -45.457003, 1.447379, 0.000000
-24.472491, -45.402365, 1.462916, 0.000000
-24.453392, -45.333205, 1.469108, 0.000000
-24.431527, -45.266884, 1.484612, 0.000000
-24.409368, -45.202678, 1.495270, 0.000000
-24.395777, -45.147814, 1.503972, 0.000000
-24.386906, -45.097324, 1.510858, 0.000000
-24.376146, -45.046486, 1.529795, 0.000000
-24.364836, -45.003338, 1.538087, 0.000000
-24.353573, -44.959793, 1.548214, 0.000000
-24.350801, -44.916295, 1.549642, 0.000000
-24.338942, -44.870982, 1.562965, 0.000000
-24.332737, -44.826792, 1.575307, 0.000000
-24.325567, -44.787310, 1.583238, 0.000000
-24.318244, -44.749847, 1.589253, 0.000000
-24.311493, -44.708234, 1.576732, 0.000000
-24.303221, -44.667194, 1.589776, 0.000000
-24.305717, -44.629873, 1.606952, 0.000000
-24.305016, -44.596772, 1.611716, 0.000000
-24.305501, -44.561198, 1.617633, 0.000000
-24.304256, -44.527730, 1.627839, 0.000000
-24.304729, -44.495600, 1.635201, 0.000000
-24.307880, -44.455779, 1.634456, 0.000000
-24.307862, -44.418439, 1.640392, 0.000000
-24.302034, -44.387211, 1.650857, 0.000000
-24.299344, -44.349984, 1.627002, 0.000000
-24.295935, -44.312648, 1.634698, 0.000000
-24.295935, -44.312648, 1.634698, 0.000000
-24.295935, -44.312648, 1.634698, 0.000000
-24.295935, -44.312648, 1.634698, 0.000000
-24.295935, -44.312648, 1.634698, 0.000000
-24.295935, -44.312648, 1.634698, 0.000000
-24.295935, -44.312648, 1.634698, 0.000000
-24.295935, -44.312648, 1.634698, 0.000000